{"cameraMode":{"drawMode":0,"name":"Shaded","section":"Shading Mode"},"sceneLighting":false,"audioPlay":false,"sceneViewState":{"showFog":true,"showMaterialUpdate":true,"showSkybox":false,"showFlares":true,"showImageEffects":true,"showParticleSystems":true,"showVisualEffectGraphs":true,"m_FxEnabled":true},"in2DMode":false,"pivot":{"x":0.24194574356079102,"y":2.3402605056762697,"z":-0.3139248788356781},"rotation":{"x":-0.0008270886028185487,"y":-0.9987984299659729,"z":0.024294735863804818,"w":-0.044136617332696918},"size":2.5369107723236086,"orthographic":false}