{"cameraMode":{"drawMode":0,"name":"Shaded","section":"Shading Mode"},"sceneLighting":false,"audioPlay":false,"sceneViewState":{"showFog":false,"showMaterialUpdate":false,"showSkybox":false,"showFlares":false,"showImageEffects":false,"showParticleSystems":false,"showVisualEffectGraphs":true,"m_FxEnabled":true},"in2DMode":false,"pivot":{"x":-0.10008752346038819,"y":0.09883230924606323,"z":0.25083279609680178},"rotation":{"x":-0.054134219884872439,"y":0.796309232711792,"z":-0.07408309727907181,"w":-0.5988683700561523},"size":1.212433099746704,"orthographic":false}