{"cameraMode":{"drawMode":0,"name":"Shaded","section":"Shading Mode"},"sceneLighting":false,"audioPlay":false,"sceneViewState":{"showFog":true,"showMaterialUpdate":true,"showSkybox":false,"showFlares":true,"showImageEffects":true,"showParticleSystems":true,"showVisualEffectGraphs":true,"m_FxEnabled":true},"in2DMode":false,"pivot":{"x":0.00034332275390625,"y":4.275420665740967,"z":-0.00029850006103515625},"rotation":{"x":0.0006341085536405444,"y":-0.9860628247261047,"z":-0.007186312694102526,"w":-0.1672549843788147},"size":17.064254760742189,"orthographic":false}