{"cameraMode":{"drawMode":0,"name":"Shaded","section":"Shading Mode"},"sceneLighting":false,"audioPlay":false,"sceneViewState":{"showFog":true,"showMaterialUpdate":true,"showSkybox":false,"showFlares":true,"showImageEffects":true,"showParticleSystems":true,"showVisualEffectGraphs":true,"m_FxEnabled":true},"in2DMode":false,"pivot":{"x":140.81076049804688,"y":0.7914026379585266,"z":-97.18855285644531},"rotation":{"x":-0.5942428112030029,"y":0.0009930218802765012,"z":-0.0007210225448943675,"w":-0.8043091893196106},"size":7.141401767730713,"orthographic":false}