{"cameraMode":{"drawMode":0,"name":"Shaded","section":"Shading Mode"},"sceneLighting":false,"audioPlay":false,"sceneViewState":{"showFog":true,"showMaterialUpdate":true,"showSkybox":false,"showFlares":true,"showImageEffects":true,"showParticleSystems":true,"showVisualEffectGraphs":true,"m_FxEnabled":true},"in2DMode":false,"pivot":{"x":121.00001525878906,"y":0.11239677667617798,"z":-98.69999694824219},"rotation":{"x":-0.6741606593132019,"y":0.0009136528824456036,"z":-0.0008197941351681948,"w":-0.7386114597320557},"size":7.071956157684326,"orthographic":false}