{"cameraMode":{"drawMode":0,"name":"Shaded","section":"Shading Mode"},"sceneLighting":false,"audioPlay":false,"sceneViewState":{"showFog":true,"showMaterialUpdate":true,"showSkybox":false,"showFlares":true,"showImageEffects":true,"showParticleSystems":true,"showVisualEffectGraphs":true,"m_FxEnabled":true},"in2DMode":false,"pivot":{"x":1.985926628112793,"y":0.5189927816390991,"z":-4.998698711395264},"rotation":{"x":0.16601808369159699,"y":0.01694329082965851,"z":-0.0034130236599594356,"w":0.9860724806785584},"size":5.573328971862793,"orthographic":false}