{"cameraMode":{"drawMode":0,"name":"Shaded","section":"Shading Mode"},"sceneLighting":false,"audioPlay":false,"sceneViewState":{"showFog":true,"showMaterialUpdate":true,"showSkybox":false,"showFlares":true,"showImageEffects":true,"showParticleSystems":true,"showVisualEffectGraphs":true,"m_FxEnabled":true},"in2DMode":false,"pivot":{"x":-1.1920928955078126e-7,"y":1.5671274662017823,"z":-0.12422126531600952},"rotation":{"x":-0.015961868688464166,"y":-0.9760775566101074,"z":0.0781153067946434,"w":-0.20261569321155549},"size":2.414799451828003,"orthographic":false}