{"cameraMode":{"drawMode":0,"name":"Shaded","section":"Shading Mode"},"sceneLighting":false,"audioPlay":false,"sceneViewState":{"showFog":true,"showMaterialUpdate":true,"showSkybox":false,"showFlares":true,"showImageEffects":true,"showParticleSystems":true,"showVisualEffectGraphs":true,"m_FxEnabled":true},"in2DMode":false,"pivot":{"x":-0.4827289581298828,"y":1.3378244638442994,"z":-0.4168209731578827},"rotation":{"x":-0.010068798437714577,"y":0.7511481642723084,"z":-0.011531908996403218,"w":-0.6599788069725037},"size":1.2671945095062256,"orthographic":false}